keith,melbourne,Keith Melbourne,1234567890,08,2011
erwin,leuven,Erwin Leven,0987654321,09,2011
jeremy,atlanta,Jeremy Atlanta,2468097531,01,2014
scott,rochester,Scott Rochester,1357924680,02,2014
user-000001,rochester,first-name-1 last-name-1,1520030485,03,2014
user-000002,rochester,first-name-2 last-name-2,1959360287,03,2014
user-000003,rochester,first-name-3 last-name-3,1980089779,03,2014
user-000004,rochester,first-name-4 last-name-4,1936613987,03,2014
user-000005,rochester,first-name-5 last-name-5,1522492733,03,2014
user-000006,rochester,first-name-6 last-name-6,21955892,03,2014
user-000007,rochester,first-name-7 last-name-7,1203607584,03,2014
user-000008,rochester,first-name-8 last-name-8,1607512103,03,2014
user-000009,rochester,first-name-9 last-name-9,1358027410,03,2014
user-000010,rochester,first-name-10 last-name-10,1499675043,03,2014
user-000011,rochester,first-name-11 last-name-11,1203624481,03,2014
user-000012,rochester,first-name-12 last-name-12,642284373,03,2014
user-000013,rochester,first-name-13 last-name-13,1082577029,03,2014
user-000014,rochester,first-name-14 last-name-14,904788206,03,2014
user-000015,rochester,first-name-15 last-name-15,417018367,03,2014
user-000016,rochester,first-name-16 last-name-16,378510774,03,2014
user-000017,rochester,first-name-17 last-name-17,756345968,03,2014
user-000018,rochester,first-name-18 last-name-18,1579383147,03,2014
user-000019,rochester,first-name-19 last-name-19,1548052286,03,2014
user-000020,rochester,first-name-20 last-name-20,2115183893,03,2014
user-000021,rochester,first-name-21 last-name-21,438011419,03,2014
user-000022,rochester,first-name-22 last-name-22,224518670,03,2014
user-000023,rochester,first-name-23 last-name-23,1047249167,03,2014
user-000024,rochester,first-name-24 last-name-24,2068170629,03,2014
user-000025,rochester,first-name-25 last-name-25,484415487,03,2014
user-000026,rochester,first-name-26 last-name-26,1660034202,03,2014
user-000027,rochester,first-name-27 last-name-27,47737336,03,2014
user-000028,rochester,first-name-28 last-name-28,543704222,03,2014
user-000029,rochester,first-name-29 last-name-29,507927446,03,2014
user-000030,rochester,first-name-30 last-name-30,1278435293,03,2014
user-000031,rochester,first-name-31 last-name-31,375707267,03,2014
user-000032,rochester,first-name-32 last-name-32,1946717426,03,2014
user-000033,rochester,first-name-33 last-name-33,1489063001,03,2014
user-000034,rochester,first-name-34 last-name-34,1000073124,03,2014
user-000035,rochester,first-name-35 last-name-35,1348364969,03,2014
user-000036,rochester,first-name-36 last-name-36,679280376,03,2014
user-000037,rochester,first-name-37 last-name-37,2142553318,03,2014
user-000038,rochester,first-name-38 last-name-38,279828935,03,2014
user-000039,rochester,first-name-39 last-name-39,2115466755,03,2014
user-000040,rochester,first-name-40 last-name-40,475087014,03,2014
user-000041,rochester,first-name-41 last-name-41,769907418,03,2014
user-000042,rochester,first-name-42 last-name-42,1853576753,03,2014
user-000043,rochester,first-name-43 last-name-43,1693450599,03,2014
user-000044,rochester,first-name-44 last-name-44,1763195149,03,2014
user-000045,rochester,first-name-45 last-name-45,926690060,03,2014
user-000046,rochester,first-name-46 last-name-46,303719095,03,2014
user-000047,rochester,first-name-47 last-name-47,1193909559,03,2014
user-000048,rochester,first-name-48 last-name-48,252179110,03,2014
user-000049,rochester,first-name-49 last-name-49,1626628998,03,2014
user-000050,rochester,first-name-50 last-name-50,338657435,03,2014
user-000051,rochester,first-name-51 last-name-51,1840970104,03,2014
user-000052,rochester,first-name-52 last-name-52,1592741588,03,2014
user-000053,rochester,first-name-53 last-name-53,2080661376,03,2014
user-000054,rochester,first-name-54 last-name-54,144653399,03,2014
user-000055,rochester,first-name-55 last-name-55,1045356194,03,2014
user-000056,rochester,first-name-56 last-name-56,489845615,03,2014
user-000057,rochester,first-name-57 last-name-57,1465472884,03,2014
user-000058,rochester,first-name-58 last-name-58,1439011475,03,2014
user-000059,rochester,first-name-59 last-name-59,439660825,03,2014
user-000060,rochester,first-name-60 last-name-60,1528415483,03,2014
user-000061,rochester,first-name-61 last-name-61,1324661955,03,2014
user-000062,rochester,first-name-62 last-name-62,257173036,03,2014
user-000063,rochester,first-name-63 last-name-63,1038366946,03,2014
user-000064,rochester,first-name-64 last-name-64,959646970,03,2014
user-000065,rochester,first-name-65 last-name-65,599456704,03,2014
user-000066,rochester,first-name-66 last-name-66,1808175603,03,2014
user-000067,rochester,first-name-67 last-name-67,1845404654,03,2014
user-000068,rochester,first-name-68 last-name-68,930001710,03,2014
user-000069,rochester,first-name-69 last-name-69,1349396946,03,2014
user-000070,rochester,first-name-70 last-name-70,1618984543,03,2014
user-000071,rochester,first-name-71 last-name-71,189859675,03,2014
user-000072,rochester,first-name-72 last-name-72,92650547,03,2014
user-000073,rochester,first-name-73 last-name-73,2011510036,03,2014
user-000074,rochester,first-name-74 last-name-74,162276647,03,2014
user-000075,rochester,first-name-75 last-name-75,563572603,03,2014
user-000076,rochester,first-name-76 last-name-76,757966740,03,2014
user-000077,rochester,first-name-77 last-name-77,460082464,03,2014
user-000078,rochester,first-name-78 last-name-78,1634677313,03,2014
user-000079,rochester,first-name-79 last-name-79,1237018018,03,2014
user-000080,rochester,first-name-80 last-name-80,582960588,03,2014
user-000081,rochester,first-name-81 last-name-81,719973044,03,2014
user-000082,rochester,first-name-82 last-name-82,489680182,03,2014
user-000083,rochester,first-name-83 last-name-83,959287566,03,2014
user-000084,rochester,first-name-84 last-name-84,946832817,03,2014
user-000085,rochester,first-name-85 last-name-85,315720748,03,2014
user-000086,rochester,first-name-86 last-name-86,576945857,03,2014
user-000087,rochester,first-name-87 last-name-87,656851971,03,2014
user-000088,rochester,first-name-88 last-name-88,794535101,03,2014
user-000089,rochester,first-name-89 last-name-89,1511498991,03,2014
user-000090,rochester,first-name-90 last-name-90,1202627349,03,2014
user-000091,rochester,first-name-91 last-name-91,2112182314,03,2014
user-000092,rochester,first-name-92 last-name-92,864808705,03,2014
user-000093,rochester,first-name-93 last-name-93,533888312,03,2014
user-000094,rochester,first-name-94 last-name-94,162939128,03,2014
user-000095,rochester,first-name-95 last-name-95,712912740,03,2014
user-000096,rochester,first-name-96 last-name-96,495235396,03,2014
user-000097,rochester,first-name-97 last-name-97,1823464798,03,2014
user-000098,rochester,first-name-98 last-name-98,1075587043,03,2014
user-000099,rochester,first-name-99 last-name-99,1912623462,03,2014
user-000100,rochester,first-name-100 last-name-100,855240131,03,2014
user-000101,rochester,first-name-101 last-name-101,117288241,03,2014
user-000102,rochester,first-name-102 last-name-102,923448905,03,2014
user-000103,rochester,first-name-103 last-name-103,1397517063,03,2014
user-000104,rochester,first-name-104 last-name-104,230313168,03,2014
user-000105,rochester,first-name-105 last-name-105,1521707786,03,2014
user-000106,rochester,first-name-106 last-name-106,1659951678,03,2014
user-000107,rochester,first-name-107 last-name-107,560019660,03,2014
user-000108,rochester,first-name-108 last-name-108,1309665043,03,2014
user-000109,rochester,first-name-109 last-name-109,1068425491,03,2014
user-000110,rochester,first-name-110 last-name-110,1327715745,03,2014
user-000111,rochester,first-name-111 last-name-111,907289277,03,2014
user-000112,rochester,first-name-112 last-name-112,220722639,03,2014
user-000113,rochester,first-name-113 last-name-113,866393264,03,2014
user-000114,rochester,first-name-114 last-name-114,594946832,03,2014
user-000115,rochester,first-name-115 last-name-115,683140250,03,2014
user-000116,rochester,first-name-116 last-name-116,585725284,03,2014
user-000117,rochester,first-name-117 last-name-117,1964081126,03,2014
user-000118,rochester,first-name-118 last-name-118,995536493,03,2014
user-000119,rochester,first-name-119 last-name-119,102563039,03,2014
user-000120,rochester,first-name-120 last-name-120,2139857863,03,2014
user-000121,rochester,first-name-121 last-name-121,2003510284,03,2014
user-000122,rochester,first-name-122 last-name-122,815749546,03,2014
user-000123,rochester,first-name-123 last-name-123,754199536,03,2014
user-000124,rochester,first-name-124 last-name-124,1155307978,03,2014
user-000125,rochester,first-name-125 last-name-125,1452094402,03,2014
user-000126,rochester,first-name-126 last-name-126,1915111391,03,2014
user-000127,rochester,first-name-127 last-name-127,1231108468,03,2014
user-000128,rochester,first-name-128 last-name-128,1702775648,03,2014
user-000129,rochester,first-name-129 last-name-129,760909790,03,2014
user-000130,rochester,first-name-130 last-name-130,1337116206,03,2014
user-000131,rochester,first-name-131 last-name-131,1986687811,03,2014
user-000132,rochester,first-name-132 last-name-132,739677088,03,2014
user-000133,rochester,first-name-133 last-name-133,1005365963,03,2014
user-000134,rochester,first-name-134 last-name-134,266180183,03,2014
user-000135,rochester,first-name-135 last-name-135,923386644,03,2014
user-000136,rochester,first-name-136 last-name-136,1021858231,03,2014
user-000137,rochester,first-name-137 last-name-137,717328809,03,2014
user-000138,rochester,first-name-138 last-name-138,1820508391,03,2014
user-000139,rochester,first-name-139 last-name-139,103332598,03,2014
user-000140,rochester,first-name-140 last-name-140,835831429,03,2014
user-000141,rochester,first-name-141 last-name-141,1519204928,03,2014
user-000142,rochester,first-name-142 last-name-142,176585137,03,2014
user-000143,rochester,first-name-143 last-name-143,1515121218,03,2014
user-000144,rochester,first-name-144 last-name-144,140491570,03,2014
user-000145,rochester,first-name-145 last-name-145,380026250,03,2014
user-000146,rochester,first-name-146 last-name-146,1560874809,03,2014
user-000147,rochester,first-name-147 last-name-147,1611633941,03,2014
user-000148,rochester,first-name-148 last-name-148,1431600861,03,2014
user-000149,rochester,first-name-149 last-name-149,715351467,03,2014
user-000150,rochester,first-name-150 last-name-150,1484579810,03,2014
user-000151,rochester,first-name-151 last-name-151,463997660,03,2014
user-000152,rochester,first-name-152 last-name-152,155662032,03,2014
user-000153,rochester,first-name-153 last-name-153,55156580,03,2014
user-000154,rochester,first-name-154 last-name-154,1657193709,03,2014
user-000155,rochester,first-name-155 last-name-155,1168854678,03,2014
user-000156,rochester,first-name-156 last-name-156,1017919922,03,2014
user-000157,rochester,first-name-157 last-name-157,2003015136,03,2014
user-000158,rochester,first-name-158 last-name-158,1357237695,03,2014
user-000159,rochester,first-name-159 last-name-159,1637639484,03,2014
user-000160,rochester,first-name-160 last-name-160,1526576612,03,2014
user-000161,rochester,first-name-161 last-name-161,1176042507,03,2014
user-000162,rochester,first-name-162 last-name-162,1258147300,03,2014
user-000163,rochester,first-name-163 last-name-163,1519584409,03,2014
user-000164,rochester,first-name-164 last-name-164,500414397,03,2014
user-000165,rochester,first-name-165 last-name-165,276794437,03,2014
user-000166,rochester,first-name-166 last-name-166,1007619266,03,2014
user-000167,rochester,first-name-167 last-name-167,307318330,03,2014
user-000168,rochester,first-name-168 last-name-168,1382115308,03,2014
user-000169,rochester,first-name-169 last-name-169,227793915,03,2014
user-000170,rochester,first-name-170 last-name-170,800621757,03,2014
user-000171,rochester,first-name-171 last-name-171,1941690394,03,2014
user-000172,rochester,first-name-172 last-name-172,1046264212,03,2014
user-000173,rochester,first-name-173 last-name-173,954532407,03,2014
user-000174,rochester,first-name-174 last-name-174,1503895869,03,2014
user-000175,rochester,first-name-175 last-name-175,1865965546,03,2014
user-000176,rochester,first-name-176 last-name-176,1955527225,03,2014
user-000177,rochester,first-name-177 last-name-177,39663116,03,2014
user-000178,rochester,first-name-178 last-name-178,1964007211,03,2014
user-000179,rochester,first-name-179 last-name-179,1580535992,03,2014
user-000180,rochester,first-name-180 last-name-180,824286524,03,2014
user-000181,rochester,first-name-181 last-name-181,1993863910,03,2014
user-000182,rochester,first-name-182 last-name-182,1911453094,03,2014
user-000183,rochester,first-name-183 last-name-183,739085808,03,2014
user-000184,rochester,first-name-184 last-name-184,1900170512,03,2014
user-000185,rochester,first-name-185 last-name-185,1186541966,03,2014
user-000186,rochester,first-name-186 last-name-186,98252795,03,2014
user-000187,rochester,first-name-187 last-name-187,1376371987,03,2014
user-000188,rochester,first-name-188 last-name-188,1805310058,03,2014
user-000189,rochester,first-name-189 last-name-189,68425756,03,2014
user-000190,rochester,first-name-190 last-name-190,1567948635,03,2014
user-000191,rochester,first-name-191 last-name-191,2078251858,03,2014
user-000192,rochester,first-name-192 last-name-192,1914129569,03,2014
user-000193,rochester,first-name-193 last-name-193,1662002896,03,2014
user-000194,rochester,first-name-194 last-name-194,1015581363,03,2014
user-000195,rochester,first-name-195 last-name-195,718855138,03,2014
user-000196,rochester,first-name-196 last-name-196,1016223601,03,2014
user-000197,rochester,first-name-197 last-name-197,1012733591,03,2014
user-000198,rochester,first-name-198 last-name-198,394278684,03,2014
user-000199,rochester,first-name-199 last-name-199,1145209218,03,2014
user-000200,rochester,first-name-200 last-name-200,1069580037,03,2014
user-000201,rochester,first-name-201 last-name-201,489514311,03,2014
user-000202,rochester,first-name-202 last-name-202,452262221,03,2014
user-000203,rochester,first-name-203 last-name-203,1797280863,03,2014
user-000204,rochester,first-name-204 last-name-204,1108311537,03,2014
user-000205,rochester,first-name-205 last-name-205,1628445662,03,2014
user-000206,rochester,first-name-206 last-name-206,1633934964,03,2014
user-000207,rochester,first-name-207 last-name-207,476008927,03,2014
user-000208,rochester,first-name-208 last-name-208,1600338606,03,2014
user-000209,rochester,first-name-209 last-name-209,1309148765,03,2014
user-000210,rochester,first-name-210 last-name-210,1421347533,03,2014
user-000211,rochester,first-name-211 last-name-211,1328459448,03,2014
user-000212,rochester,first-name-212 last-name-212,1385827530,03,2014
user-000213,rochester,first-name-213 last-name-213,366267684,03,2014
user-000214,rochester,first-name-214 last-name-214,1431300019,03,2014
user-000215,rochester,first-name-215 last-name-215,579782450,03,2014
user-000216,rochester,first-name-216 last-name-216,437821263,03,2014
user-000217,rochester,first-name-217 last-name-217,294963278,03,2014
user-000218,rochester,first-name-218 last-name-218,1480189749,03,2014
user-000219,rochester,first-name-219 last-name-219,982111150,03,2014
user-000220,rochester,first-name-220 last-name-220,1308314982,03,2014
user-000221,rochester,first-name-221 last-name-221,522730977,03,2014
user-000222,rochester,first-name-222 last-name-222,611287170,03,2014
user-000223,rochester,first-name-223 last-name-223,220497716,03,2014
user-000224,rochester,first-name-224 last-name-224,1551877623,03,2014
user-000225,rochester,first-name-225 last-name-225,1851072071,03,2014
user-000226,rochester,first-name-226 last-name-226,326566677,03,2014
user-000227,rochester,first-name-227 last-name-227,1873868211,03,2014
user-000228,rochester,first-name-228 last-name-228,856055952,03,2014
user-000229,rochester,first-name-229 last-name-229,1965159704,03,2014
user-000230,rochester,first-name-230 last-name-230,665838654,03,2014
user-000231,rochester,first-name-231 last-name-231,1982786555,03,2014
user-000232,rochester,first-name-232 last-name-232,157948987,03,2014
user-000233,rochester,first-name-233 last-name-233,484986006,03,2014
user-000234,rochester,first-name-234 last-name-234,516508319,03,2014
user-000235,rochester,first-name-235 last-name-235,866966286,03,2014
user-000236,rochester,first-name-236 last-name-236,1594042185,03,2014
user-000237,rochester,first-name-237 last-name-237,1271026393,03,2014
user-000238,rochester,first-name-238 last-name-238,70590683,03,2014
user-000239,rochester,first-name-239 last-name-239,977244748,03,2014
user-000240,rochester,first-name-240 last-name-240,1072592809,03,2014
user-000241,rochester,first-name-241 last-name-241,808641191,03,2014
user-000242,rochester,first-name-242 last-name-242,1016721960,03,2014
user-000243,rochester,first-name-243 last-name-243,1236081796,03,2014
user-000244,rochester,first-name-244 last-name-244,771568179,03,2014
user-000245,rochester,first-name-245 last-name-245,26748350,03,2014
user-000246,rochester,first-name-246 last-name-246,1292410932,03,2014
user-000247,rochester,first-name-247 last-name-247,681876548,03,2014
user-000248,rochester,first-name-248 last-name-248,1076237739,03,2014
user-000249,rochester,first-name-249 last-name-249,1458650376,03,2014
user-000250,rochester,first-name-250 last-name-250,498280789,03,2014
user-000251,rochester,first-name-251 last-name-251,538149007,03,2014
user-000252,rochester,first-name-252 last-name-252,686745226,03,2014
user-000253,rochester,first-name-253 last-name-253,697077648,03,2014
user-000254,rochester,first-name-254 last-name-254,944413520,03,2014
user-000255,rochester,first-name-255 last-name-255,1185835390,03,2014
user-000256,rochester,first-name-256 last-name-256,378846233,03,2014
user-000257,rochester,first-name-257 last-name-257,1219812403,03,2014
user-000258,rochester,first-name-258 last-name-258,2113442235,03,2014
user-000259,rochester,first-name-259 last-name-259,282273856,03,2014
user-000260,rochester,first-name-260 last-name-260,1736950409,03,2014
user-000261,rochester,first-name-261 last-name-261,1935974623,03,2014
user-000262,rochester,first-name-262 last-name-262,1667527600,03,2014
user-000263,rochester,first-name-263 last-name-263,1789777702,03,2014
user-000264,rochester,first-name-264 last-name-264,1162199239,03,2014
user-000265,rochester,first-name-265 last-name-265,1884456220,03,2014
user-000266,rochester,first-name-266 last-name-266,550156102,03,2014
user-000267,rochester,first-name-267 last-name-267,2051606389,03,2014
user-000268,rochester,first-name-268 last-name-268,1339354538,03,2014
user-000269,rochester,first-name-269 last-name-269,1346540271,03,2014
user-000270,rochester,first-name-270 last-name-270,1128291695,03,2014
user-000271,rochester,first-name-271 last-name-271,1134109058,03,2014
user-000272,rochester,first-name-272 last-name-272,90731262,03,2014
user-000273,rochester,first-name-273 last-name-273,1751036688,03,2014
user-000274,rochester,first-name-274 last-name-274,1374429167,03,2014
user-000275,rochester,first-name-275 last-name-275,1469216620,03,2014
user-000276,rochester,first-name-276 last-name-276,1624155278,03,2014
user-000277,rochester,first-name-277 last-name-277,764131851,03,2014
user-000278,rochester,first-name-278 last-name-278,161623930,03,2014
user-000279,rochester,first-name-279 last-name-279,590838948,03,2014
user-000280,rochester,first-name-280 last-name-280,161747222,03,2014
user-000281,rochester,first-name-281 last-name-281,1673881465,03,2014
user-000282,rochester,first-name-282 last-name-282,2140239982,03,2014
user-000283,rochester,first-name-283 last-name-283,1083429070,03,2014
user-000284,rochester,first-name-284 last-name-284,982624542,03,2014
user-000285,rochester,first-name-285 last-name-285,885034983,03,2014
user-000286,rochester,first-name-286 last-name-286,1318496632,03,2014
user-000287,rochester,first-name-287 last-name-287,977539754,03,2014
user-000288,rochester,first-name-288 last-name-288,16000969,03,2014
user-000289,rochester,first-name-289 last-name-289,511975019,03,2014
user-000290,rochester,first-name-290 last-name-290,1184640539,03,2014
user-000291,rochester,first-name-291 last-name-291,999392083,03,2014
user-000292,rochester,first-name-292 last-name-292,259447035,03,2014
user-000293,rochester,first-name-293 last-name-293,268625912,03,2014
user-000294,rochester,first-name-294 last-name-294,1693624571,03,2014
user-000295,rochester,first-name-295 last-name-295,1470254875,03,2014
user-000296,rochester,first-name-296 last-name-296,1676405215,03,2014
user-000297,rochester,first-name-297 last-name-297,643722751,03,2014
user-000298,rochester,first-name-298 last-name-298,473339993,03,2014
user-000299,rochester,first-name-299 last-name-299,115468947,03,2014
user-000300,rochester,first-name-300 last-name-300,742434865,03,2014
user-000301,rochester,first-name-301 last-name-301,1430699810,03,2014
user-000302,rochester,first-name-302 last-name-302,645994583,03,2014
user-000303,rochester,first-name-303 last-name-303,900712289,03,2014
user-000304,rochester,first-name-304 last-name-304,350359146,03,2014
user-000305,rochester,first-name-305 last-name-305,95130561,03,2014
user-000306,rochester,first-name-306 last-name-306,2088337111,03,2014
user-000307,rochester,first-name-307 last-name-307,1462929136,03,2014
user-000308,rochester,first-name-308 last-name-308,405792426,03,2014
user-000309,rochester,first-name-309 last-name-309,1060819811,03,2014
user-000310,rochester,first-name-310 last-name-310,872608699,03,2014
user-000311,rochester,first-name-311 last-name-311,1105094910,03,2014
user-000312,rochester,first-name-312 last-name-312,948728279,03,2014
user-000313,rochester,first-name-313 last-name-313,1772670583,03,2014
user-000314,rochester,first-name-314 last-name-314,1346196102,03,2014
user-000315,rochester,first-name-315 last-name-315,267028060,03,2014
user-000316,rochester,first-name-316 last-name-316,1290543509,03,2014
user-000317,rochester,first-name-317 last-name-317,1430894752,03,2014
user-000318,rochester,first-name-318 last-name-318,836709471,03,2014
user-000319,rochester,first-name-319 last-name-319,592747462,03,2014
user-000320,rochester,first-name-320 last-name-320,869787472,03,2014
user-000321,rochester,first-name-321 last-name-321,373518023,03,2014
user-000322,rochester,first-name-322 last-name-322,1977183484,03,2014
user-000323,rochester,first-name-323 last-name-323,1906644253,03,2014
user-000324,rochester,first-name-324 last-name-324,350030038,03,2014
user-000325,rochester,first-name-325 last-name-325,99127513,03,2014
user-000326,rochester,first-name-326 last-name-326,448812121,03,2014
user-000327,rochester,first-name-327 last-name-327,733249058,03,2014
user-000328,rochester,first-name-328 last-name-328,684986556,03,2014
user-000329,rochester,first-name-329 last-name-329,1587878505,03,2014
user-000330,rochester,first-name-330 last-name-330,2134327443,03,2014
user-000331,rochester,first-name-331 last-name-331,1314506317,03,2014
user-000332,rochester,first-name-332 last-name-332,129315732,03,2014
user-000333,rochester,first-name-333 last-name-333,1922019480,03,2014
user-000334,rochester,first-name-334 last-name-334,1865494271,03,2014
user-000335,rochester,first-name-335 last-name-335,163994264,03,2014
user-000336,rochester,first-name-336 last-name-336,985002595,03,2014
user-000337,rochester,first-name-337 last-name-337,897395486,03,2014
user-000338,rochester,first-name-338 last-name-338,886823201,03,2014
user-000339,rochester,first-name-339 last-name-339,1098481039,03,2014
user-000340,rochester,first-name-340 last-name-340,644577387,03,2014
user-000341,rochester,first-name-341 last-name-341,636991713,03,2014
user-000342,rochester,first-name-342 last-name-342,1608118348,03,2014
user-000343,rochester,first-name-343 last-name-343,1761125360,03,2014
user-000344,rochester,first-name-344 last-name-344,147012578,03,2014
user-000345,rochester,first-name-345 last-name-345,2106112804,03,2014
user-000346,rochester,first-name-346 last-name-346,589926140,03,2014
user-000347,rochester,first-name-347 last-name-347,1884719796,03,2014
user-000348,rochester,first-name-348 last-name-348,1210848183,03,2014
user-000349,rochester,first-name-349 last-name-349,671486706,03,2014
user-000350,rochester,first-name-350 last-name-350,1242320916,03,2014
user-000351,rochester,first-name-351 last-name-351,418472469,03,2014
user-000352,rochester,first-name-352 last-name-352,525525221,03,2014
user-000353,rochester,first-name-353 last-name-353,1368055009,03,2014
user-000354,rochester,first-name-354 last-name-354,1302962835,03,2014
user-000355,rochester,first-name-355 last-name-355,1092779209,03,2014
user-000356,rochester,first-name-356 last-name-356,1225072962,03,2014
user-000357,rochester,first-name-357 last-name-357,1735573547,03,2014
user-000358,rochester,first-name-358 last-name-358,540866757,03,2014
user-000359,rochester,first-name-359 last-name-359,11216955,03,2014
user-000360,rochester,first-name-360 last-name-360,779965802,03,2014
user-000361,rochester,first-name-361 last-name-361,1188057472,03,2014
user-000362,rochester,first-name-362 last-name-362,112522219,03,2014
user-000363,rochester,first-name-363 last-name-363,1509936067,03,2014
user-000364,rochester,first-name-364 last-name-364,2001141532,03,2014
user-000365,rochester,first-name-365 last-name-365,724740760,03,2014
user-000366,rochester,first-name-366 last-name-366,1214464276,03,2014
user-000367,rochester,first-name-367 last-name-367,138351184,03,2014
user-000368,rochester,first-name-368 last-name-368,1964295503,03,2014
user-000369,rochester,first-name-369 last-name-369,1388250469,03,2014
user-000370,rochester,first-name-370 last-name-370,1312471528,03,2014
user-000371,rochester,first-name-371 last-name-371,441831850,03,2014
user-000372,rochester,first-name-372 last-name-372,758590953,03,2014
user-000373,rochester,first-name-373 last-name-373,35359083,03,2014
user-000374,rochester,first-name-374 last-name-374,2010204337,03,2014
user-000375,rochester,first-name-375 last-name-375,501088124,03,2014
user-000376,rochester,first-name-376 last-name-376,1575740972,03,2014
user-000377,rochester,first-name-377 last-name-377,2073630337,03,2014
user-000378,rochester,first-name-378 last-name-378,1685388248,03,2014
user-000379,rochester,first-name-379 last-name-379,868289427,03,2014
user-000380,rochester,first-name-380 last-name-380,1770592843,03,2014
user-000381,rochester,first-name-381 last-name-381,1323314379,03,2014
user-000382,rochester,first-name-382 last-name-382,1732978008,03,2014
user-000383,rochester,first-name-383 last-name-383,314254372,03,2014
user-000384,rochester,first-name-384 last-name-384,146765506,03,2014
user-000385,rochester,first-name-385 last-name-385,1099735732,03,2014
user-000386,rochester,first-name-386 last-name-386,300677553,03,2014
user-000387,rochester,first-name-387 last-name-387,1920655559,03,2014
user-000388,rochester,first-name-388 last-name-388,82028652,03,2014
user-000389,rochester,first-name-389 last-name-389,1005981334,03,2014
user-000390,rochester,first-name-390 last-name-390,544691392,03,2014
user-000391,rochester,first-name-391 last-name-391,773330252,03,2014
user-000392,rochester,first-name-392 last-name-392,1807165605,03,2014
user-000393,rochester,first-name-393 last-name-393,352620140,03,2014
user-000394,rochester,first-name-394 last-name-394,1516154278,03,2014
user-000395,rochester,first-name-395 last-name-395,726274662,03,2014
user-000396,rochester,first-name-396 last-name-396,144424463,03,2014
user-000397,rochester,first-name-397 last-name-397,274585292,03,2014
user-000398,rochester,first-name-398 last-name-398,1170882278,03,2014
user-000399,rochester,first-name-399 last-name-399,235585105,03,2014
user-000400,rochester,first-name-400 last-name-400,862619420,03,2014
user-000401,rochester,first-name-401 last-name-401,169886445,03,2014
user-000402,rochester,first-name-402 last-name-402,1391380514,03,2014
user-000403,rochester,first-name-403 last-name-403,1111204616,03,2014
user-000404,rochester,first-name-404 last-name-404,1157236063,03,2014
user-000405,rochester,first-name-405 last-name-405,117223649,03,2014
user-000406,rochester,first-name-406 last-name-406,1939727519,03,2014
user-000407,rochester,first-name-407 last-name-407,623867350,03,2014
user-000408,rochester,first-name-408 last-name-408,1163862922,03,2014
user-000409,rochester,first-name-409 last-name-409,1726077128,03,2014
user-000410,rochester,first-name-410 last-name-410,86379297,03,2014
user-000411,rochester,first-name-411 last-name-411,1441659360,03,2014
user-000412,rochester,first-name-412 last-name-412,1773926544,03,2014
user-000413,rochester,first-name-413 last-name-413,996817345,03,2014
user-000414,rochester,first-name-414 last-name-414,1857997029,03,2014
user-000415,rochester,first-name-415 last-name-415,673196466,03,2014
user-000416,rochester,first-name-416 last-name-416,271419165,03,2014
user-000417,rochester,first-name-417 last-name-417,1706685660,03,2014
user-000418,rochester,first-name-418 last-name-418,1215307103,03,2014
user-000419,rochester,first-name-419 last-name-419,1255741766,03,2014
user-000420,rochester,first-name-420 last-name-420,1018949529,03,2014
user-000421,rochester,first-name-421 last-name-421,1266120510,03,2014
user-000422,rochester,first-name-422 last-name-422,181212355,03,2014
user-000423,rochester,first-name-423 last-name-423,2131265575,03,2014
user-000424,rochester,first-name-424 last-name-424,627443679,03,2014
user-000425,rochester,first-name-425 last-name-425,2135621719,03,2014
user-000426,rochester,first-name-426 last-name-426,1893029847,03,2014
user-000427,rochester,first-name-427 last-name-427,308497713,03,2014
user-000428,rochester,first-name-428 last-name-428,673421385,03,2014
user-000429,rochester,first-name-429 last-name-429,1914555706,03,2014
user-000430,rochester,first-name-430 last-name-430,1740410267,03,2014
user-000431,rochester,first-name-431 last-name-431,570237282,03,2014
user-000432,rochester,first-name-432 last-name-432,1058012014,03,2014
user-000433,rochester,first-name-433 last-name-433,2023753844,03,2014
user-000434,rochester,first-name-434 last-name-434,709330634,03,2014
user-000435,rochester,first-name-435 last-name-435,454380782,03,2014
user-000436,rochester,first-name-436 last-name-436,1734904400,03,2014
user-000437,rochester,first-name-437 last-name-437,1821526548,03,2014
user-000438,rochester,first-name-438 last-name-438,1175331540,03,2014
user-000439,rochester,first-name-439 last-name-439,1971665152,03,2014
user-000440,rochester,first-name-440 last-name-440,689219441,03,2014
user-000441,rochester,first-name-441 last-name-441,399095008,03,2014
user-000442,rochester,first-name-442 last-name-442,607333664,03,2014
user-000443,rochester,first-name-443 last-name-443,78959003,03,2014
user-000444,rochester,first-name-444 last-name-444,1397896300,03,2014
user-000445,rochester,first-name-445 last-name-445,36203794,03,2014
user-000446,rochester,first-name-446 last-name-446,659082292,03,2014
user-000447,rochester,first-name-447 last-name-447,419252101,03,2014
user-000448,rochester,first-name-448 last-name-448,2066715600,03,2014
user-000449,rochester,first-name-449 last-name-449,646388095,03,2014
user-000450,rochester,first-name-450 last-name-450,1050664100,03,2014
user-000451,rochester,first-name-451 last-name-451,1683260243,03,2014
user-000452,rochester,first-name-452 last-name-452,956791291,03,2014
user-000453,rochester,first-name-453 last-name-453,1916031146,03,2014
user-000454,rochester,first-name-454 last-name-454,704872773,03,2014
user-000455,rochester,first-name-455 last-name-455,415749148,03,2014
user-000456,rochester,first-name-456 last-name-456,183140930,03,2014
user-000457,rochester,first-name-457 last-name-457,805014119,03,2014
user-000458,rochester,first-name-458 last-name-458,772842406,03,2014
user-000459,rochester,first-name-459 last-name-459,84668822,03,2014
user-000460,rochester,first-name-460 last-name-460,111621978,03,2014
user-000461,rochester,first-name-461 last-name-461,1978718629,03,2014
user-000462,rochester,first-name-462 last-name-462,607045406,03,2014
user-000463,rochester,first-name-463 last-name-463,796586756,03,2014
user-000464,rochester,first-name-464 last-name-464,1237139305,03,2014
user-000465,rochester,first-name-465 last-name-465,1840512228,03,2014
user-000466,rochester,first-name-466 last-name-466,1993780010,03,2014
user-000467,rochester,first-name-467 last-name-467,1593316240,03,2014
user-000468,rochester,first-name-468 last-name-468,1114645138,03,2014
user-000469,rochester,first-name-469 last-name-469,462525236,03,2014
user-000470,rochester,first-name-470 last-name-470,31307139,03,2014
user-000471,rochester,first-name-471 last-name-471,1275073768,03,2014
user-000472,rochester,first-name-472 last-name-472,1373149466,03,2014
user-000473,rochester,first-name-473 last-name-473,573740366,03,2014
user-000474,rochester,first-name-474 last-name-474,31126244,03,2014
user-000475,rochester,first-name-475 last-name-475,1719207892,03,2014
user-000476,rochester,first-name-476 last-name-476,1123499657,03,2014
user-000477,rochester,first-name-477 last-name-477,1276168427,03,2014
user-000478,rochester,first-name-478 last-name-478,1006052163,03,2014
user-000479,rochester,first-name-479 last-name-479,187506324,03,2014
user-000480,rochester,first-name-480 last-name-480,141360177,03,2014
user-000481,rochester,first-name-481 last-name-481,1089566010,03,2014
user-000482,rochester,first-name-482 last-name-482,895560329,03,2014
user-000483,rochester,first-name-483 last-name-483,1701595804,03,2014
user-000484,rochester,first-name-484 last-name-484,1661515445,03,2014
user-000485,rochester,first-name-485 last-name-485,515274492,03,2014
user-000486,rochester,first-name-486 last-name-486,1548058302,03,2014
user-000487,rochester,first-name-487 last-name-487,919476125,03,2014
user-000488,rochester,first-name-488 last-name-488,701682624,03,2014
user-000489,rochester,first-name-489 last-name-489,1222196282,03,2014
user-000490,rochester,first-name-490 last-name-490,2127490084,03,2014
user-000491,rochester,first-name-491 last-name-491,438157486,03,2014
user-000492,rochester,first-name-492 last-name-492,1811829694,03,2014
user-000493,rochester,first-name-493 last-name-493,1539062825,03,2014
user-000494,rochester,first-name-494 last-name-494,449212972,03,2014
user-000495,rochester,first-name-495 last-name-495,1954308919,03,2014
user-000496,rochester,first-name-496 last-name-496,1519681829,03,2014
user-000497,rochester,first-name-497 last-name-497,1709764236,03,2014
user-000498,rochester,first-name-498 last-name-498,162229566,03,2014
user-000499,rochester,first-name-499 last-name-499,325806602,03,2014
user-000500,rochester,first-name-500 last-name-500,614929474,03,2014
user-000501,rochester,first-name-501 last-name-501,2116400993,03,2014
user-000502,rochester,first-name-502 last-name-502,81642981,03,2014
user-000503,rochester,first-name-503 last-name-503,2140838198,03,2014
user-000504,rochester,first-name-504 last-name-504,529327173,03,2014
user-000505,rochester,first-name-505 last-name-505,2066475175,03,2014
user-000506,rochester,first-name-506 last-name-506,1816651810,03,2014
user-000507,rochester,first-name-507 last-name-507,205740292,03,2014
user-000508,rochester,first-name-508 last-name-508,583596274,03,2014
user-000509,rochester,first-name-509 last-name-509,1455191411,03,2014
user-000510,rochester,first-name-510 last-name-510,912604170,03,2014
user-000511,rochester,first-name-511 last-name-511,208171136,03,2014
user-000512,rochester,first-name-512 last-name-512,29854041,03,2014
user-000513,rochester,first-name-513 last-name-513,1338312999,03,2014
user-000514,rochester,first-name-514 last-name-514,637017622,03,2014
user-000515,rochester,first-name-515 last-name-515,1046429229,03,2014
user-000516,rochester,first-name-516 last-name-516,1068997441,03,2014
user-000517,rochester,first-name-517 last-name-517,1805694886,03,2014
user-000518,rochester,first-name-518 last-name-518,572624295,03,2014
user-000519,rochester,first-name-519 last-name-519,1333604760,03,2014
user-000520,rochester,first-name-520 last-name-520,349787987,03,2014
user-000521,rochester,first-name-521 last-name-521,2030040986,03,2014
user-000522,rochester,first-name-522 last-name-522,966947244,03,2014
user-000523,rochester,first-name-523 last-name-523,656816284,03,2014
user-000524,rochester,first-name-524 last-name-524,357206453,03,2014
user-000525,rochester,first-name-525 last-name-525,202933419,03,2014
user-000526,rochester,first-name-526 last-name-526,503478093,03,2014
user-000527,rochester,first-name-527 last-name-527,462418475,03,2014
user-000528,rochester,first-name-528 last-name-528,1883072906,03,2014
user-000529,rochester,first-name-529 last-name-529,598645357,03,2014
user-000530,rochester,first-name-530 last-name-530,1773528827,03,2014
user-000531,rochester,first-name-531 last-name-531,1621537257,03,2014
user-000532,rochester,first-name-532 last-name-532,1432939756,03,2014
user-000533,rochester,first-name-533 last-name-533,959707877,03,2014
user-000534,rochester,first-name-534 last-name-534,1184752243,03,2014
user-000535,rochester,first-name-535 last-name-535,1592476556,03,2014
user-000536,rochester,first-name-536 last-name-536,950645107,03,2014
user-000537,rochester,first-name-537 last-name-537,1509021147,03,2014
user-000538,rochester,first-name-538 last-name-538,1585515219,03,2014
user-000539,rochester,first-name-539 last-name-539,1198593166,03,2014
user-000540,rochester,first-name-540 last-name-540,1229435714,03,2014
user-000541,rochester,first-name-541 last-name-541,1209533010,03,2014
user-000542,rochester,first-name-542 last-name-542,1783916378,03,2014
user-000543,rochester,first-name-543 last-name-543,1252513241,03,2014
user-000544,rochester,first-name-544 last-name-544,569253407,03,2014
user-000545,rochester,first-name-545 last-name-545,284245984,03,2014
user-000546,rochester,first-name-546 last-name-546,1612123566,03,2014
user-000547,rochester,first-name-547 last-name-547,1418261603,03,2014
user-000548,rochester,first-name-548 last-name-548,1455286677,03,2014
user-000549,rochester,first-name-549 last-name-549,624558055,03,2014
user-000550,rochester,first-name-550 last-name-550,76008055,03,2014
user-000551,rochester,first-name-551 last-name-551,1429848226,03,2014
user-000552,rochester,first-name-552 last-name-552,1602707634,03,2014
user-000553,rochester,first-name-553 last-name-553,424092940,03,2014
user-000554,rochester,first-name-554 last-name-554,2137573445,03,2014
user-000555,rochester,first-name-555 last-name-555,1344316940,03,2014
user-000556,rochester,first-name-556 last-name-556,802433283,03,2014
user-000557,rochester,first-name-557 last-name-557,189404799,03,2014
user-000558,rochester,first-name-558 last-name-558,1075272952,03,2014
user-000559,rochester,first-name-559 last-name-559,433753105,03,2014
user-000560,rochester,first-name-560 last-name-560,462500671,03,2014
user-000561,rochester,first-name-561 last-name-561,454091229,03,2014
user-000562,rochester,first-name-562 last-name-562,1889514756,03,2014
user-000563,rochester,first-name-563 last-name-563,229770064,03,2014
user-000564,rochester,first-name-564 last-name-564,1439137236,03,2014
user-000565,rochester,first-name-565 last-name-565,581643511,03,2014
user-000566,rochester,first-name-566 last-name-566,1387148708,03,2014
user-000567,rochester,first-name-567 last-name-567,1100495336,03,2014
user-000568,rochester,first-name-568 last-name-568,860638409,03,2014
user-000569,rochester,first-name-569 last-name-569,273827924,03,2014
user-000570,rochester,first-name-570 last-name-570,1317292819,03,2014
user-000571,rochester,first-name-571 last-name-571,403810038,03,2014
user-000572,rochester,first-name-572 last-name-572,670847889,03,2014
user-000573,rochester,first-name-573 last-name-573,1176040240,03,2014
user-000574,rochester,first-name-574 last-name-574,645674914,03,2014
user-000575,rochester,first-name-575 last-name-575,1378624655,03,2014
user-000576,rochester,first-name-576 last-name-576,1587982337,03,2014
user-000577,rochester,first-name-577 last-name-577,993688578,03,2014
user-000578,rochester,first-name-578 last-name-578,1071253062,03,2014
user-000579,rochester,first-name-579 last-name-579,182711163,03,2014
user-000580,rochester,first-name-580 last-name-580,552146433,03,2014
user-000581,rochester,first-name-581 last-name-581,1298272544,03,2014
user-000582,rochester,first-name-582 last-name-582,775426649,03,2014
user-000583,rochester,first-name-583 last-name-583,1142569578,03,2014
user-000584,rochester,first-name-584 last-name-584,14769769,03,2014
user-000585,rochester,first-name-585 last-name-585,474808509,03,2014
user-000586,rochester,first-name-586 last-name-586,1966987272,03,2014
user-000587,rochester,first-name-587 last-name-587,522027974,03,2014
user-000588,rochester,first-name-588 last-name-588,1249058975,03,2014
user-000589,rochester,first-name-589 last-name-589,552162043,03,2014
user-000590,rochester,first-name-590 last-name-590,1287150107,03,2014
user-000591,rochester,first-name-591 last-name-591,1380028060,03,2014
user-000592,rochester,first-name-592 last-name-592,468544576,03,2014
user-000593,rochester,first-name-593 last-name-593,2019362914,03,2014
user-000594,rochester,first-name-594 last-name-594,70474159,03,2014
user-000595,rochester,first-name-595 last-name-595,713521485,03,2014
user-000596,rochester,first-name-596 last-name-596,1921371602,03,2014
user-000597,rochester,first-name-597 last-name-597,1576473644,03,2014
user-000598,rochester,first-name-598 last-name-598,1055029775,03,2014
user-000599,rochester,first-name-599 last-name-599,1818190507,03,2014
user-000600,rochester,first-name-600 last-name-600,484102747,03,2014
user-000601,rochester,first-name-601 last-name-601,1897787298,03,2014
user-000602,rochester,first-name-602 last-name-602,562455445,03,2014
user-000603,rochester,first-name-603 last-name-603,1758621967,03,2014
user-000604,rochester,first-name-604 last-name-604,1621385252,03,2014
user-000605,rochester,first-name-605 last-name-605,306692021,03,2014
user-000606,rochester,first-name-606 last-name-606,363660412,03,2014
user-000607,rochester,first-name-607 last-name-607,1434376121,03,2014
user-000608,rochester,first-name-608 last-name-608,1173658092,03,2014
user-000609,rochester,first-name-609 last-name-609,1450046825,03,2014
user-000610,rochester,first-name-610 last-name-610,1064688889,03,2014
user-000611,rochester,first-name-611 last-name-611,1600436612,03,2014
user-000612,rochester,first-name-612 last-name-612,978022857,03,2014
user-000613,rochester,first-name-613 last-name-613,1947720025,03,2014
user-000614,rochester,first-name-614 last-name-614,831474607,03,2014
user-000615,rochester,first-name-615 last-name-615,248371159,03,2014
user-000616,rochester,first-name-616 last-name-616,1945931975,03,2014
user-000617,rochester,first-name-617 last-name-617,1319441047,03,2014
user-000618,rochester,first-name-618 last-name-618,1707905844,03,2014
user-000619,rochester,first-name-619 last-name-619,365616061,03,2014
user-000620,rochester,first-name-620 last-name-620,1115409879,03,2014
user-000621,rochester,first-name-621 last-name-621,1585782158,03,2014
user-000622,rochester,first-name-622 last-name-622,168225683,03,2014
user-000623,rochester,first-name-623 last-name-623,244460471,03,2014
user-000624,rochester,first-name-624 last-name-624,1160984874,03,2014
user-000625,rochester,first-name-625 last-name-625,596031366,03,2014
user-000626,rochester,first-name-626 last-name-626,1303681573,03,2014
user-000627,rochester,first-name-627 last-name-627,246199387,03,2014
user-000628,rochester,first-name-628 last-name-628,1858938446,03,2014
user-000629,rochester,first-name-629 last-name-629,151810524,03,2014
user-000630,rochester,first-name-630 last-name-630,973654576,03,2014
user-000631,rochester,first-name-631 last-name-631,1532687316,03,2014
user-000632,rochester,first-name-632 last-name-632,295369638,03,2014
user-000633,rochester,first-name-633 last-name-633,765264745,03,2014
user-000634,rochester,first-name-634 last-name-634,1214698307,03,2014
user-000635,rochester,first-name-635 last-name-635,1587162314,03,2014
user-000636,rochester,first-name-636 last-name-636,1228374319,03,2014
user-000637,rochester,first-name-637 last-name-637,843699080,03,2014
user-000638,rochester,first-name-638 last-name-638,1446488788,03,2014
user-000639,rochester,first-name-639 last-name-639,1903020176,03,2014
user-000640,rochester,first-name-640 last-name-640,1794245088,03,2014
user-000641,rochester,first-name-641 last-name-641,1046161979,03,2014
user-000642,rochester,first-name-642 last-name-642,1639113356,03,2014
user-000643,rochester,first-name-643 last-name-643,68392165,03,2014
user-000644,rochester,first-name-644 last-name-644,1320944629,03,2014
user-000645,rochester,first-name-645 last-name-645,22284246,03,2014
user-000646,rochester,first-name-646 last-name-646,266786053,03,2014
user-000647,rochester,first-name-647 last-name-647,1859806673,03,2014
user-000648,rochester,first-name-648 last-name-648,1136321841,03,2014
user-000649,rochester,first-name-649 last-name-649,887027036,03,2014
user-000650,rochester,first-name-650 last-name-650,1823992118,03,2014
user-000651,rochester,first-name-651 last-name-651,435351250,03,2014
user-000652,rochester,first-name-652 last-name-652,608805533,03,2014
user-000653,rochester,first-name-653 last-name-653,1896453492,03,2014
user-000654,rochester,first-name-654 last-name-654,1143170856,03,2014
user-000655,rochester,first-name-655 last-name-655,161399568,03,2014
user-000656,rochester,first-name-656 last-name-656,524061770,03,2014
user-000657,rochester,first-name-657 last-name-657,1441843567,03,2014
user-000658,rochester,first-name-658 last-name-658,546080102,03,2014
user-000659,rochester,first-name-659 last-name-659,1774403087,03,2014
user-000660,rochester,first-name-660 last-name-660,1340243944,03,2014
user-000661,rochester,first-name-661 last-name-661,908881057,03,2014
user-000662,rochester,first-name-662 last-name-662,1472283580,03,2014
user-000663,rochester,first-name-663 last-name-663,249042556,03,2014
user-000664,rochester,first-name-664 last-name-664,2062671904,03,2014
user-000665,rochester,first-name-665 last-name-665,2143136097,03,2014
user-000666,rochester,first-name-666 last-name-666,1942501523,03,2014
user-000667,rochester,first-name-667 last-name-667,1898455575,03,2014
user-000668,rochester,first-name-668 last-name-668,1799520618,03,2014
user-000669,rochester,first-name-669 last-name-669,627805778,03,2014
user-000670,rochester,first-name-670 last-name-670,444592155,03,2014
user-000671,rochester,first-name-671 last-name-671,866748468,03,2014
user-000672,rochester,first-name-672 last-name-672,779794925,03,2014
user-000673,rochester,first-name-673 last-name-673,1198771361,03,2014
user-000674,rochester,first-name-674 last-name-674,1673040574,03,2014
user-000675,rochester,first-name-675 last-name-675,74962938,03,2014
user-000676,rochester,first-name-676 last-name-676,1003730161,03,2014
user-000677,rochester,first-name-677 last-name-677,1441003517,03,2014
user-000678,rochester,first-name-678 last-name-678,1597052451,03,2014
user-000679,rochester,first-name-679 last-name-679,393626944,03,2014
user-000680,rochester,first-name-680 last-name-680,523505261,03,2014
user-000681,rochester,first-name-681 last-name-681,1226581533,03,2014
user-000682,rochester,first-name-682 last-name-682,558609927,03,2014
user-000683,rochester,first-name-683 last-name-683,1120496348,03,2014
user-000684,rochester,first-name-684 last-name-684,136857605,03,2014
user-000685,rochester,first-name-685 last-name-685,748651761,03,2014
user-000686,rochester,first-name-686 last-name-686,1417411229,03,2014
user-000687,rochester,first-name-687 last-name-687,1592146681,03,2014
user-000688,rochester,first-name-688 last-name-688,1784817634,03,2014
user-000689,rochester,first-name-689 last-name-689,276734256,03,2014
user-000690,rochester,first-name-690 last-name-690,192723067,03,2014
user-000691,rochester,first-name-691 last-name-691,1436626999,03,2014
user-000692,rochester,first-name-692 last-name-692,1236167959,03,2014
user-000693,rochester,first-name-693 last-name-693,1792954893,03,2014
user-000694,rochester,first-name-694 last-name-694,1828342315,03,2014
user-000695,rochester,first-name-695 last-name-695,1339662405,03,2014
user-000696,rochester,first-name-696 last-name-696,507392977,03,2014
user-000697,rochester,first-name-697 last-name-697,1336216794,03,2014
user-000698,rochester,first-name-698 last-name-698,1481065186,03,2014
user-000699,rochester,first-name-699 last-name-699,422171575,03,2014
user-000700,rochester,first-name-700 last-name-700,219814003,03,2014
user-000701,rochester,first-name-701 last-name-701,657081275,03,2014
user-000702,rochester,first-name-702 last-name-702,208578080,03,2014
user-000703,rochester,first-name-703 last-name-703,1142929636,03,2014
user-000704,rochester,first-name-704 last-name-704,695574717,03,2014
user-000705,rochester,first-name-705 last-name-705,1609941698,03,2014
user-000706,rochester,first-name-706 last-name-706,2042309600,03,2014
user-000707,rochester,first-name-707 last-name-707,685545137,03,2014
user-000708,rochester,first-name-708 last-name-708,829507298,03,2014
user-000709,rochester,first-name-709 last-name-709,1797585272,03,2014
user-000710,rochester,first-name-710 last-name-710,1322764415,03,2014
user-000711,rochester,first-name-711 last-name-711,1566731021,03,2014
user-000712,rochester,first-name-712 last-name-712,1853408069,03,2014
user-000713,rochester,first-name-713 last-name-713,1862386428,03,2014
user-000714,rochester,first-name-714 last-name-714,42545566,03,2014
user-000715,rochester,first-name-715 last-name-715,1874136120,03,2014
user-000716,rochester,first-name-716 last-name-716,395280983,03,2014
user-000717,rochester,first-name-717 last-name-717,2014297928,03,2014
user-000718,rochester,first-name-718 last-name-718,1569263445,03,2014
user-000719,rochester,first-name-719 last-name-719,1968910406,03,2014
user-000720,rochester,first-name-720 last-name-720,181625192,03,2014
user-000721,rochester,first-name-721 last-name-721,260865698,03,2014
user-000722,rochester,first-name-722 last-name-722,826149780,03,2014
user-000723,rochester,first-name-723 last-name-723,619834172,03,2014
user-000724,rochester,first-name-724 last-name-724,577774697,03,2014
user-000725,rochester,first-name-725 last-name-725,186520383,03,2014
user-000726,rochester,first-name-726 last-name-726,795377771,03,2014
user-000727,rochester,first-name-727 last-name-727,1061015721,03,2014
user-000728,rochester,first-name-728 last-name-728,1031221313,03,2014
user-000729,rochester,first-name-729 last-name-729,937200090,03,2014
user-000730,rochester,first-name-730 last-name-730,1253338009,03,2014
user-000731,rochester,first-name-731 last-name-731,1651502181,03,2014
user-000732,rochester,first-name-732 last-name-732,1889274288,03,2014
user-000733,rochester,first-name-733 last-name-733,21087381,03,2014
user-000734,rochester,first-name-734 last-name-734,61037229,03,2014
user-000735,rochester,first-name-735 last-name-735,235669201,03,2014
user-000736,rochester,first-name-736 last-name-736,1400125418,03,2014
user-000737,rochester,first-name-737 last-name-737,236267208,03,2014
user-000738,rochester,first-name-738 last-name-738,1595671583,03,2014
user-000739,rochester,first-name-739 last-name-739,1706450135,03,2014
user-000740,rochester,first-name-740 last-name-740,618161278,03,2014
user-000741,rochester,first-name-741 last-name-741,1803972284,03,2014
user-000742,rochester,first-name-742 last-name-742,651951510,03,2014
user-000743,rochester,first-name-743 last-name-743,742105057,03,2014
user-000744,rochester,first-name-744 last-name-744,144392576,03,2014
user-000745,rochester,first-name-745 last-name-745,2054154135,03,2014
user-000746,rochester,first-name-746 last-name-746,1459294221,03,2014
user-000747,rochester,first-name-747 last-name-747,363051262,03,2014
user-000748,rochester,first-name-748 last-name-748,2056658223,03,2014
user-000749,rochester,first-name-749 last-name-749,280978630,03,2014
user-000750,rochester,first-name-750 last-name-750,1675872728,03,2014
user-000751,rochester,first-name-751 last-name-751,1560037095,03,2014
user-000752,rochester,first-name-752 last-name-752,835552419,03,2014
user-000753,rochester,first-name-753 last-name-753,41194085,03,2014
user-000754,rochester,first-name-754 last-name-754,209067584,03,2014
user-000755,rochester,first-name-755 last-name-755,870392709,03,2014
user-000756,rochester,first-name-756 last-name-756,936469957,03,2014
user-000757,rochester,first-name-757 last-name-757,1620691020,03,2014
user-000758,rochester,first-name-758 last-name-758,226670195,03,2014
user-000759,rochester,first-name-759 last-name-759,191157853,03,2014
user-000760,rochester,first-name-760 last-name-760,2040074745,03,2014
user-000761,rochester,first-name-761 last-name-761,1166659383,03,2014
user-000762,rochester,first-name-762 last-name-762,1455473547,03,2014
user-000763,rochester,first-name-763 last-name-763,842959107,03,2014
user-000764,rochester,first-name-764 last-name-764,1297175445,03,2014
user-000765,rochester,first-name-765 last-name-765,1537519882,03,2014
user-000766,rochester,first-name-766 last-name-766,897665287,03,2014
user-000767,rochester,first-name-767 last-name-767,865510997,03,2014
user-000768,rochester,first-name-768 last-name-768,150990422,03,2014
user-000769,rochester,first-name-769 last-name-769,886683943,03,2014
user-000770,rochester,first-name-770 last-name-770,47171126,03,2014
user-000771,rochester,first-name-771 last-name-771,1029934085,03,2014
user-000772,rochester,first-name-772 last-name-772,1324667016,03,2014
user-000773,rochester,first-name-773 last-name-773,811321352,03,2014
user-000774,rochester,first-name-774 last-name-774,934267098,03,2014
user-000775,rochester,first-name-775 last-name-775,1577075039,03,2014
user-000776,rochester,first-name-776 last-name-776,1399897829,03,2014
user-000777,rochester,first-name-777 last-name-777,1325919860,03,2014
user-000778,rochester,first-name-778 last-name-778,1069867263,03,2014
user-000779,rochester,first-name-779 last-name-779,485245466,03,2014
user-000780,rochester,first-name-780 last-name-780,1589290299,03,2014
user-000781,rochester,first-name-781 last-name-781,597003887,03,2014
user-000782,rochester,first-name-782 last-name-782,780520788,03,2014
user-000783,rochester,first-name-783 last-name-783,1801898240,03,2014
user-000784,rochester,first-name-784 last-name-784,1900503386,03,2014
user-000785,rochester,first-name-785 last-name-785,111720971,03,2014
user-000786,rochester,first-name-786 last-name-786,772653312,03,2014
user-000787,rochester,first-name-787 last-name-787,1926553978,03,2014
user-000788,rochester,first-name-788 last-name-788,1829557022,03,2014
user-000789,rochester,first-name-789 last-name-789,1910247796,03,2014
user-000790,rochester,first-name-790 last-name-790,250061508,03,2014
user-000791,rochester,first-name-791 last-name-791,1993755120,03,2014
user-000792,rochester,first-name-792 last-name-792,778688959,03,2014
user-000793,rochester,first-name-793 last-name-793,1481299914,03,2014
user-000794,rochester,first-name-794 last-name-794,825108655,03,2014
user-000795,rochester,first-name-795 last-name-795,718951610,03,2014
user-000796,rochester,first-name-796 last-name-796,1342847850,03,2014
user-000797,rochester,first-name-797 last-name-797,1059705920,03,2014
user-000798,rochester,first-name-798 last-name-798,676093816,03,2014
user-000799,rochester,first-name-799 last-name-799,31746679,03,2014
user-000800,rochester,first-name-800 last-name-800,451396020,03,2014
user-000801,rochester,first-name-801 last-name-801,1002939678,03,2014
user-000802,rochester,first-name-802 last-name-802,1142079325,03,2014
user-000803,rochester,first-name-803 last-name-803,181088722,03,2014
user-000804,rochester,first-name-804 last-name-804,797982635,03,2014
user-000805,rochester,first-name-805 last-name-805,159442322,03,2014
user-000806,rochester,first-name-806 last-name-806,816278074,03,2014
user-000807,rochester,first-name-807 last-name-807,915586995,03,2014
user-000808,rochester,first-name-808 last-name-808,1232828610,03,2014
user-000809,rochester,first-name-809 last-name-809,1145523596,03,2014
user-000810,rochester,first-name-810 last-name-810,1004646215,03,2014
user-000811,rochester,first-name-811 last-name-811,1617484265,03,2014
user-000812,rochester,first-name-812 last-name-812,571411661,03,2014
user-000813,rochester,first-name-813 last-name-813,1712979313,03,2014
user-000814,rochester,first-name-814 last-name-814,707709348,03,2014
user-000815,rochester,first-name-815 last-name-815,1991711401,03,2014
user-000816,rochester,first-name-816 last-name-816,888976553,03,2014
user-000817,rochester,first-name-817 last-name-817,7558265,03,2014
user-000818,rochester,first-name-818 last-name-818,2049999796,03,2014
user-000819,rochester,first-name-819 last-name-819,702054013,03,2014
user-000820,rochester,first-name-820 last-name-820,1703497350,03,2014
user-000821,rochester,first-name-821 last-name-821,202411863,03,2014
user-000822,rochester,first-name-822 last-name-822,614825577,03,2014
user-000823,rochester,first-name-823 last-name-823,2056818566,03,2014
user-000824,rochester,first-name-824 last-name-824,1679324068,03,2014
user-000825,rochester,first-name-825 last-name-825,541846124,03,2014
user-000826,rochester,first-name-826 last-name-826,1134351613,03,2014
user-000827,rochester,first-name-827 last-name-827,1171206621,03,2014
user-000828,rochester,first-name-828 last-name-828,959755657,03,2014
user-000829,rochester,first-name-829 last-name-829,218969932,03,2014
user-000830,rochester,first-name-830 last-name-830,608025736,03,2014
user-000831,rochester,first-name-831 last-name-831,2080541316,03,2014
user-000832,rochester,first-name-832 last-name-832,190550934,03,2014
user-000833,rochester,first-name-833 last-name-833,989071425,03,2014
user-000834,rochester,first-name-834 last-name-834,1385860979,03,2014
user-000835,rochester,first-name-835 last-name-835,790824920,03,2014
user-000836,rochester,first-name-836 last-name-836,230194853,03,2014
user-000837,rochester,first-name-837 last-name-837,1973057820,03,2014
user-000838,rochester,first-name-838 last-name-838,1121647826,03,2014
user-000839,rochester,first-name-839 last-name-839,1793794054,03,2014
user-000840,rochester,first-name-840 last-name-840,2033656238,03,2014
user-000841,rochester,first-name-841 last-name-841,298983314,03,2014
user-000842,rochester,first-name-842 last-name-842,1936464102,03,2014
user-000843,rochester,first-name-843 last-name-843,1819850862,03,2014
user-000844,rochester,first-name-844 last-name-844,346055729,03,2014
user-000845,rochester,first-name-845 last-name-845,2005357890,03,2014
user-000846,rochester,first-name-846 last-name-846,256288110,03,2014
user-000847,rochester,first-name-847 last-name-847,514455548,03,2014
user-000848,rochester,first-name-848 last-name-848,1331619231,03,2014
user-000849,rochester,first-name-849 last-name-849,1226895831,03,2014
user-000850,rochester,first-name-850 last-name-850,1764638051,03,2014
user-000851,rochester,first-name-851 last-name-851,719434761,03,2014
user-000852,rochester,first-name-852 last-name-852,1665886019,03,2014
user-000853,rochester,first-name-853 last-name-853,602619909,03,2014
user-000854,rochester,first-name-854 last-name-854,1575338097,03,2014
user-000855,rochester,first-name-855 last-name-855,1238500590,03,2014
user-000856,rochester,first-name-856 last-name-856,379204249,03,2014
user-000857,rochester,first-name-857 last-name-857,547513868,03,2014
user-000858,rochester,first-name-858 last-name-858,1494655378,03,2014
user-000859,rochester,first-name-859 last-name-859,175464490,03,2014
user-000860,rochester,first-name-860 last-name-860,1144999429,03,2014
user-000861,rochester,first-name-861 last-name-861,210216463,03,2014
user-000862,rochester,first-name-862 last-name-862,1737989441,03,2014
user-000863,rochester,first-name-863 last-name-863,1587546956,03,2014
user-000864,rochester,first-name-864 last-name-864,1236233041,03,2014
user-000865,rochester,first-name-865 last-name-865,22796060,03,2014
user-000866,rochester,first-name-866 last-name-866,691287741,03,2014
user-000867,rochester,first-name-867 last-name-867,1699384403,03,2014
user-000868,rochester,first-name-868 last-name-868,2004787412,03,2014
user-000869,rochester,first-name-869 last-name-869,1043482811,03,2014
user-000870,rochester,first-name-870 last-name-870,1668730252,03,2014
user-000871,rochester,first-name-871 last-name-871,1279605565,03,2014
user-000872,rochester,first-name-872 last-name-872,1165594345,03,2014
user-000873,rochester,first-name-873 last-name-873,949849798,03,2014
user-000874,rochester,first-name-874 last-name-874,1766610919,03,2014
user-000875,rochester,first-name-875 last-name-875,1046816547,03,2014
user-000876,rochester,first-name-876 last-name-876,278007866,03,2014
user-000877,rochester,first-name-877 last-name-877,2086066224,03,2014
user-000878,rochester,first-name-878 last-name-878,44878741,03,2014
user-000879,rochester,first-name-879 last-name-879,1987756303,03,2014
user-000880,rochester,first-name-880 last-name-880,1957702208,03,2014
user-000881,rochester,first-name-881 last-name-881,527346099,03,2014
user-000882,rochester,first-name-882 last-name-882,541974805,03,2014
user-000883,rochester,first-name-883 last-name-883,797672077,03,2014
user-000884,rochester,first-name-884 last-name-884,2139292169,03,2014
user-000885,rochester,first-name-885 last-name-885,2133664239,03,2014
user-000886,rochester,first-name-886 last-name-886,1501469236,03,2014
user-000887,rochester,first-name-887 last-name-887,1473902895,03,2014
user-000888,rochester,first-name-888 last-name-888,924460740,03,2014
user-000889,rochester,first-name-889 last-name-889,1829422394,03,2014
user-000890,rochester,first-name-890 last-name-890,1534413063,03,2014
user-000891,rochester,first-name-891 last-name-891,579969131,03,2014
user-000892,rochester,first-name-892 last-name-892,467052710,03,2014
user-000893,rochester,first-name-893 last-name-893,35817479,03,2014
user-000894,rochester,first-name-894 last-name-894,1585760093,03,2014
user-000895,rochester,first-name-895 last-name-895,1623360464,03,2014
user-000896,rochester,first-name-896 last-name-896,1272030022,03,2014
user-000897,rochester,first-name-897 last-name-897,2113317195,03,2014
user-000898,rochester,first-name-898 last-name-898,284510950,03,2014
user-000899,rochester,first-name-899 last-name-899,816285418,03,2014
user-000900,rochester,first-name-900 last-name-900,1398673671,03,2014
user-000901,rochester,first-name-901 last-name-901,979526131,03,2014
user-000902,rochester,first-name-902 last-name-902,1090451673,03,2014
user-000903,rochester,first-name-903 last-name-903,1434680898,03,2014
user-000904,rochester,first-name-904 last-name-904,1219979211,03,2014
user-000905,rochester,first-name-905 last-name-905,288795056,03,2014
user-000906,rochester,first-name-906 last-name-906,469037998,03,2014
user-000907,rochester,first-name-907 last-name-907,522358431,03,2014
user-000908,rochester,first-name-908 last-name-908,2100167726,03,2014
user-000909,rochester,first-name-909 last-name-909,909913856,03,2014
user-000910,rochester,first-name-910 last-name-910,1144226854,03,2014
user-000911,rochester,first-name-911 last-name-911,801985531,03,2014
user-000912,rochester,first-name-912 last-name-912,1396614468,03,2014
user-000913,rochester,first-name-913 last-name-913,1524726274,03,2014
user-000914,rochester,first-name-914 last-name-914,733546451,03,2014
user-000915,rochester,first-name-915 last-name-915,680315350,03,2014
user-000916,rochester,first-name-916 last-name-916,771661492,03,2014
user-000917,rochester,first-name-917 last-name-917,1223877227,03,2014
user-000918,rochester,first-name-918 last-name-918,982207731,03,2014
user-000919,rochester,first-name-919 last-name-919,165158095,03,2014
user-000920,rochester,first-name-920 last-name-920,2057531121,03,2014
user-000921,rochester,first-name-921 last-name-921,38889706,03,2014
user-000922,rochester,first-name-922 last-name-922,1055927447,03,2014
user-000923,rochester,first-name-923 last-name-923,995545721,03,2014
user-000924,rochester,first-name-924 last-name-924,1328104513,03,2014
user-000925,rochester,first-name-925 last-name-925,1293926886,03,2014
user-000926,rochester,first-name-926 last-name-926,428017855,03,2014
user-000927,rochester,first-name-927 last-name-927,2060629265,03,2014
user-000928,rochester,first-name-928 last-name-928,1813340869,03,2014
user-000929,rochester,first-name-929 last-name-929,1767451815,03,2014
user-000930,rochester,first-name-930 last-name-930,591839743,03,2014
user-000931,rochester,first-name-931 last-name-931,2051080410,03,2014
user-000932,rochester,first-name-932 last-name-932,314734533,03,2014
user-000933,rochester,first-name-933 last-name-933,1297608340,03,2014
user-000934,rochester,first-name-934 last-name-934,550901920,03,2014
user-000935,rochester,first-name-935 last-name-935,101247483,03,2014
user-000936,rochester,first-name-936 last-name-936,967164992,03,2014
user-000937,rochester,first-name-937 last-name-937,923146920,03,2014
user-000938,rochester,first-name-938 last-name-938,308902446,03,2014
user-000939,rochester,first-name-939 last-name-939,1210515173,03,2014
user-000940,rochester,first-name-940 last-name-940,929134423,03,2014
user-000941,rochester,first-name-941 last-name-941,153519781,03,2014
user-000942,rochester,first-name-942 last-name-942,2027489212,03,2014
user-000943,rochester,first-name-943 last-name-943,667318999,03,2014
user-000944,rochester,first-name-944 last-name-944,75042717,03,2014
user-000945,rochester,first-name-945 last-name-945,350910177,03,2014
user-000946,rochester,first-name-946 last-name-946,1757572773,03,2014
user-000947,rochester,first-name-947 last-name-947,88967829,03,2014
user-000948,rochester,first-name-948 last-name-948,762922757,03,2014
user-000949,rochester,first-name-949 last-name-949,1655880403,03,2014
user-000950,rochester,first-name-950 last-name-950,2113859677,03,2014
user-000951,rochester,first-name-951 last-name-951,1409233443,03,2014
user-000952,rochester,first-name-952 last-name-952,705720024,03,2014
user-000953,rochester,first-name-953 last-name-953,747275873,03,2014
user-000954,rochester,first-name-954 last-name-954,1088383295,03,2014
user-000955,rochester,first-name-955 last-name-955,312974183,03,2014
user-000956,rochester,first-name-956 last-name-956,1450109827,03,2014
user-000957,rochester,first-name-957 last-name-957,1141052391,03,2014
user-000958,rochester,first-name-958 last-name-958,1330871911,03,2014
user-000959,rochester,first-name-959 last-name-959,921378671,03,2014
user-000960,rochester,first-name-960 last-name-960,908017402,03,2014
user-000961,rochester,first-name-961 last-name-961,990127354,03,2014
user-000962,rochester,first-name-962 last-name-962,519271167,03,2014
user-000963,rochester,first-name-963 last-name-963,2049459706,03,2014
user-000964,rochester,first-name-964 last-name-964,1019903814,03,2014
user-000965,rochester,first-name-965 last-name-965,2141984717,03,2014
user-000966,rochester,first-name-966 last-name-966,718087271,03,2014
user-000967,rochester,first-name-967 last-name-967,831722323,03,2014
user-000968,rochester,first-name-968 last-name-968,1346182768,03,2014
user-000969,rochester,first-name-969 last-name-969,20816123,03,2014
user-000970,rochester,first-name-970 last-name-970,394032765,03,2014
user-000971,rochester,first-name-971 last-name-971,1702308793,03,2014
user-000972,rochester,first-name-972 last-name-972,414115067,03,2014
user-000973,rochester,first-name-973 last-name-973,246874391,03,2014
user-000974,rochester,first-name-974 last-name-974,1984427472,03,2014
user-000975,rochester,first-name-975 last-name-975,1242436676,03,2014
user-000976,rochester,first-name-976 last-name-976,27340971,03,2014
user-000977,rochester,first-name-977 last-name-977,180544461,03,2014
user-000978,rochester,first-name-978 last-name-978,625473170,03,2014
user-000979,rochester,first-name-979 last-name-979,1024031516,03,2014
user-000980,rochester,first-name-980 last-name-980,465475396,03,2014
user-000981,rochester,first-name-981 last-name-981,737308798,03,2014
user-000982,rochester,first-name-982 last-name-982,1992399229,03,2014
user-000983,rochester,first-name-983 last-name-983,819025946,03,2014
user-000984,rochester,first-name-984 last-name-984,350587745,03,2014
user-000985,rochester,first-name-985 last-name-985,925084175,03,2014
user-000986,rochester,first-name-986 last-name-986,1406300906,03,2014
user-000987,rochester,first-name-987 last-name-987,1819823774,03,2014
user-000988,rochester,first-name-988 last-name-988,368034085,03,2014
user-000989,rochester,first-name-989 last-name-989,2052363872,03,2014
user-000990,rochester,first-name-990 last-name-990,1895418438,03,2014
user-000991,rochester,first-name-991 last-name-991,1471404191,03,2014
user-000992,rochester,first-name-992 last-name-992,987565494,03,2014
user-000993,rochester,first-name-993 last-name-993,183436734,03,2014
user-000994,rochester,first-name-994 last-name-994,779192093,03,2014
user-000995,rochester,first-name-995 last-name-995,775713022,03,2014
user-000996,rochester,first-name-996 last-name-996,1305557195,03,2014
user-000997,rochester,first-name-997 last-name-997,385046080,03,2014
user-000998,rochester,first-name-998 last-name-998,997160886,03,2014
user-000999,rochester,first-name-999 last-name-999,1158947631,03,2014
user-001000,rochester,first-name-1000 last-name-1000,559074301,03,2014
